18.8,-168.5,200.0,201.31298762572456,18.62010955810547,34.86180114746094,188.64117431640625,1966.0,1.0
18.8,-168.5,287.5,289.4490936184763,12.823152947288706,34.32829984312733,168.63035632215804,1966.0,1.0
18.8,-168.5,350.0,352.42639489568023,10.250890731811523,34.220088958740234,146.2644500732422,1966.0,1.0
18.8,-168.5,412.5,415.422790313224,8.57458556374549,34.19761510555497,115.93523227499443,1966.0,1.0
18.8,-168.5,487.5,491.04364121481353,7.182291864784806,34.22600402535668,83.62892481876342,1966.0,1.0
18.8,-168.5,562.5,566.6919249497905,6.316021335085631,34.28540703225369,57.542451613836505,1966.0,1.0
18.8,-168.5,625.0,629.7530923102133,5.836035074456217,34.34157864817181,46.97105069633994,1966.0,1.0
18.8,-168.5,700.0,705.4515805432579,5.44258975982666,34.40279006958008,42.712799072265625,1966.0,1.0
18.8,-168.5,775.0,781.1774044201926,5.107077379528025,34.44732955535814,45.70061055574901,1966.0,1.0
18.8,-168.5,837.5,844.3031142497081,4.856290878612228,34.47466310636386,44.920430302619934,1966.0,1.0
18.8,-168.5,912.5,920.0789641797337,4.580912822023195,34.500024948492666,50.51454593845416,1966.0,1.0
18.8,-168.5,987.5,995.8820522798198,4.310230666433424,34.51836731409308,54.42996174586176,1966.0,1.0
18.8,-168.5,1050.0,1059.0720744333344,4.119309902191162,34.529911041259766,58.73527145385742,1966.0,1.0
18.8,-168.5,1125.0,1134.9250096362937,3.8774508716047515,34.53996940180289,60.57017934534255,1966.0,1.0
18.8,-168.5,1187.5,1198.1565227107733,3.6876922463450192,34.54759282053532,63.28650726164473,1966.0,1.0
18.8,-168.5,1262.5,1274.0591889713507,3.4823985294178694,34.556934362448345,63.98962608014389,1966.0,1.0
18.8,-168.5,1337.5,1349.9889322837882,3.280451537409866,34.56635546285142,69.89899700953262,1966.0,1.0
18.8,-168.5,1412.5,1425.9457180363363,3.090793454587226,34.574672271171416,73.4505785940877,1966.0,1.0
18.8,-168.5,1475.0,1489.2636719257898,2.9427332928581724,34.581980479376845,74.76258125533768,1966.0,1.0
18.8,-168.5,1537.5,1552.6003611707729,2.8152356563147207,34.58846924818168,77.1987530752285,1966.0,1.0
18.8,-168.5,1612.5,1628.629090668239,2.670383632023317,34.595578798845395,81.46513349778736,1966.0,1.0
18.8,-168.5,1700.0,1717.3632905803454,2.515889883041382,34.604312896728516,84.61264038085938,1966.0,1.0
18.8,-168.5,1750.0,1768.0849746773567,2.436490058898926,34.608699798583984,87.36272430419922,1966.0,1.0
18.8,-168.5,1837.5,1856.8766319271463,2.3104186920897094,34.615843196762015,92.74482982984426,1966.0,1.0
18.8,-168.5,1887.5,1907.6311098293143,2.2459309956668876,34.61957628801765,94.93103002360654,1966.0,1.0
18.8,-168.5,1962.5,1983.785146623323,2.164086841436966,34.62487011473888,97.47995041669533,1966.0,1.0
18.8,-168.5,2037.5,2059.965936388512,2.090955964621498,34.62934811686959,102.63320850686297,1966.0,1.0
18.8,-168.5,2100.0,2123.4703390169684,2.037899971008301,34.633811950683594,104.45822143554688,1966.0,1.0
18.8,-168.5,2175.0,2199.700085374783,1.9772958564716654,34.64457096301832,106.88781621205266,1966.0,1.0
18.8,-168.5,2250.0,2275.9564859163147,1.9250526190595754,34.651721736186104,108.95060691334974,1966.0,1.0
18.8,-168.5,2312.5,2339.523822021386,1.8844805900033184,34.653554141521454,110.49567921089428,1966.0,1.0
18.8,-168.5,2387.5,2415.8289978995704,1.833965125881584,34.64854699373245,112.29066493041573,1966.0,1.0
18.8,-168.5,2462.5,2492.160729019672,1.7989097587090883,34.65056655486656,115.10518682023526,1966.0,1.0
18.8,-168.5,2525.0,2555.7907649904428,1.766926808573792,34.653515939031855,117.2060175985773,1966.0,1.0
18.8,-168.5,2600.0,2632.1710899267614,1.7190899848937988,34.65651321411133,119.09196472167969,1966.0,1.0
18.8,-168.5,2662.5,2695.8415717633093,1.6886523174961359,34.658844895700256,121.668472687754,1966.0,1.0
18.8,-168.5,2737.5,2772.2703729381155,1.6610632651927042,34.66124232351526,124.47264752555523,1966.0,1.0
18.8,-168.5,2812.5,2848.725566109266,1.6394099334303212,34.6632039993959,126.6379112379438,1966.0,1.0
18.8,-168.5,2875.0,2912.4583623733956,1.6221876124912311,34.6645077591806,128.10668857747126,1966.0,1.0
18.8,-168.5,2962.5,3001.7149883504985,1.5967577843122704,34.66694419645349,130.3420403268067,1966.0,1.0
18.8,-168.5,3025.0,3065.4916301894523,1.5753207444331188,34.66881001458014,132.0254473648492,1966.0,1.0
18.8,-168.5,3087.5,3129.2865065389265,1.5505513848608579,34.67053878944191,133.7213107104417,1966.0,1.0
18.8,-168.5,3162.5,3205.864399146095,1.5352668059860177,34.67271345693621,135.50558576991875,1966.0,1.0
18.8,-168.5,3225.0,3269.6993199987437,1.5223866024784847,34.6742782715731,136.89103666033188,1966.0,1.0
18.8,-168.5,3300.0,3346.3252070747403,1.5039100646972656,34.675689697265625,138.484130859375,1966.0,1.0
18.8,-168.5,3375.0,3422.9772232610444,1.4956138008228026,34.676342462924616,139.9833915680967,1966.0,1.0
18.8,-168.5,3450.0,3499.655333474668,1.4882827920368844,34.67760815059424,141.6216545480073,1966.0,1.0
18.8,-168.5,3525.0,3576.3595026282596,1.4811397944447802,34.67967553324735,143.26329923645636,1966.0,1.0
18.8,-168.5,3587.5,3640.2995244081253,1.4752741314436435,34.681605877616136,144.51389419328058,1966.0,1.0
18.8,-168.5,3662.5,3717.051377144776,1.4673748269468838,34.68215616386256,146.12339720675135,1966.0,1.0
18.8,-168.5,3725.0,3781.0310860964523,1.4633528846864805,34.68269906703465,147.57520451290708,1966.0,1.0
18.8,-168.5,3812.5,3870.632926055122,1.461805357132107,34.68430327147303,149.33002066427542,1966.0,1.0
18.8,-168.5,3875.0,3934.655817995047,1.4691725261509418,34.68537561788202,149.66642069395522,1966.0,1.0
18.8,-168.5,3950.0,4011.506991606134,1.4697278240716969,34.68652215088613,150.68737722317863,1966.0,1.0
18.8,-168.5,4012.5,4075.569365190659,1.4670494037458517,34.68758377968223,152.01681741345985,1966.0,1.0
18.8,-168.5,4087.5,4152.467857805116,1.4598643019751931,34.689508386181345,153.49401828920122,1966.0,1.0
18.8,-168.5,4162.5,4229.392111080514,1.4588246629989958,34.689668223595454,155.51861957203093,1966.0,1.0
18.8,-168.5,4225.0,4293.515308451229,1.4556881839858389,34.68980663585938,156.94204766903312,1966.0,1.0
18.8,-168.5,4300.0,4370.486698500883,1.4427900314331055,34.69038772583008,158.1895751953125,1966.0,1.0
18.8,-168.5,4362.5,4434.649127401916,1.4428750230278649,34.6909407997306,159.9495298825799,1966.0,1.0
18.8,-168.5,4437.5,4511.667536362096,1.4441004333507292,34.69235365470006,161.8231290782877,1966.0,1.0
18.8,-168.5,4500.0,4575.869098594306,1.4471100568771362,34.69411087036133,163.11669921875,1966.0,1.0
18.8,-168.5,4562.5,4640.088416254618,1.448933912091717,34.69485851443168,164.70462417971495,1966.0,1.0
18.8,-168.5,4650.0,4730.025251497861,1.4471062223734648,34.69524728576472,167.15911666338667,1966.0,1.0
18.8,-168.5,4712.5,4794.287099479067,1.4414187849336502,34.695462666538646,169.00455957976297,1966.0,1.0
18.8,-168.5,4787.5,4871.424661481719,1.431761361030931,34.69641171498076,171.23001484028586,1966.0,1.0
18.8,-168.5,4850.0,4935.725393075799,1.4314690354144388,34.697912326862934,173.8697359498771,1966.0,1.0
18.8,-168.5,4925.0,5012.909556613653,1.4336056754980764,34.69920716019054,175.12061595916748,1966.0,1.0
18.8,-168.5,4987.5,5077.249073839427,1.4448609684043456,34.699502318176,174.28501069545746,1966.0,1.0
18.82,-168.51,255.47445,257.18666494885196,14.831278516028945,34.48343685117415,179.9931219623371,1967.0,1.0
18.82,-168.51,742.09246,747.9488763006005,5.2483442109407825,34.42778050453443,43.476566137397704,1967.0,1.0
18.82,-168.51,1009.73236,1018.3588502549518,4.239327302149217,34.52311869019471,56.417318758315446,1967.0,1.0
18.82,-168.51,1253.04136,1264.4866432287922,3.5081243294713254,34.555684124887556,63.60066930412825,1967.0,1.0
18.82,-168.51,1508.51582,1523.2275607798806,2.8695820222448525,34.58586981057225,76.37036586008256,1967.0,1.0
18.82,-168.51,1763.99027,1782.2813266132573,2.4160652524669386,34.60989395608745,88.3724212462395,1967.0,1.0
18.82,-168.51,2250.60827,2276.5776293391154,1.9246617302237143,34.65176586267495,108.96585084611594,1967.0,1.0
18.82,-168.51,2749.39173,2784.394226007241,1.657507164464582,34.66158075759236,124.84648202891046,1967.0,1.0
18.82,-168.51,3248.17518,3293.377844113088,1.5159384626852404,34.67478949989575,137.39155881230252,1967.0,1.0
18.82,-168.51,3759.12409,3815.9750064000887,1.4620724491120873,34.68331393743983,148.47342474938458,1967.0,1.0
18.82,-168.51,4756.691,4839.740001945771,1.435026377519008,34.69594576897135,170.29045570470964,1967.0,1.0
18.82,-168.51,5243.309,5340.776386297649,1.4545899629592896,34.699188232421875,174.44610595703125,1967.0,1.0
18.82,-168.51,243.309,244.93242459151483,15.663024416515107,34.55566113007184,181.62823259351063,1967.0,1.0
18.82,-168.51,742.09246,747.9488763006005,5.2483442109407825,34.42778050453443,43.476566137397704,1967.0,1.0
18.82,-168.51,997.56691,1006.0599633858697,4.277402140350979,34.52067645577118,55.50418883633168,1967.0,1.0
18.82,-168.51,1240.87591,1252.1734746872853,3.5410821244148654,34.55411576985164,63.57937912384111,1967.0,1.0
18.82,-168.51,1496.35036,1510.8994499033756,2.894514411694991,34.584614249925394,75.9289984071682,1967.0,1.0
18.82,-168.51,1751.82482,1769.9383589526249,2.4337635219920077,34.60885613262645,87.48053415230397,1967.0,1.0
18.82,-168.51,2238.44282,2264.2065249160387,1.9325310497829093,34.650828833300615,108.65835007317068,1967.0,1.0
18.82,-168.51,2737.22628,2771.9945287963988,1.6611467551708043,34.661234417287275,124.46390023204788,1967.0,1.0
18.82,-168.51,3248.17518,3293.377844113088,1.5159384626852404,34.67478949989575,137.39155881230252,1967.0,1.0
18.82,-168.51,3746.95864,3803.518195603888,1.462474202304946,34.683079736225686,148.16303021978467,1967.0,1.0
18.82,-168.51,4744.52555,4827.227778492562,1.436823497977644,34.69578474258813,169.93341559625543,1967.0,1.0
18.82,-168.51,5243.309,5340.776386297649,1.4545899629592896,34.699188232421875,174.44610595703125,1967.0,1.0
23.3,-70.5,1998.092496575165,2020.4984660191878,3.6082014923586034,34.98350648284098,263.6483534580931,1974.0,2.0
23.3,-70.5,2008.1589123762287,2030.7263822790583,3.598082122886099,34.98345463926039,263.6496764521691,1974.0,2.0
23.3,-70.5,2521.520106820192,2552.9606483072275,3.1081453283526366,34.956735774118194,264.3628288694557,1974.0,2.0
23.3,-70.5,2523.158825671528,2554.6296856368313,3.1067562971767178,34.956675523762016,264.38324190226626,1974.0,2.0
23.3,-70.5,3489.092548597985,3540.624018915723,2.475094297524427,34.91492712456343,268.1850981089497,1974.0,2.0
23.3,-70.5,3494.47691053809,3546.1323856894373,2.4729156895247764,34.91476913298104,268.1597408739871,1974.0,2.0
23.3,-70.5,4420.170981670627,4495.1305963263485,2.3157019778264063,34.8978037288612,267.7504317371479,1974.0,2.0
23.3,-70.5,4439.185322628194,4514.664750073422,2.31517887798492,34.897473863467994,267.6389205374838,1974.0,2.0
23.3,-70.5,5213.831133924082,5311.880888830038,2.242451885710346,34.87370984671409,258.52759739087713,1974.0,2.0
23.3,-70.5,5215.313784313386,5313.409333017041,2.242189079355498,34.873657395561025,258.5081753661823,1974.0,2.0
23.3,-70.5,476.8151629181334,480.4022716556826,16.084141588278722,36.19671414225598,186.148259456268,1974.0,2.0
23.3,-70.5,993.9740232715416,1002.7058416703028,6.69600939644192,35.04677917642583,185.65553977870462,1974.0,2.0
23.3,-70.5,2005.0375431355887,2027.5548838349569,3.6012257603486817,34.98349033825245,263.64992849190054,1974.0,2.0
23.3,-70.5,2006.338113652523,2028.876335889921,3.599916407663066,34.9834774203905,263.64983767112795,1974.0,2.0
23.3,-70.5,2510.049074860839,2541.2777413454082,3.1179294595706923,34.95717428842671,264.23313871325524,1974.0,2.0
23.3,-70.5,2511.271611146756,2542.5228288894355,3.116881283785721,34.95712598888479,264.2456743582556,1974.0,2.0
23.3,-70.5,3514.089513933446,3566.1978133834823,2.465143392195563,34.91423213069413,268.05015957273224,1974.0,2.0
23.3,-70.5,3536.823486569441,3589.458906369187,2.4564551775732886,34.913666748751325,267.85893202092825,1974.0,2.0
23.3,-70.5,3998.7341113635184,4062.596245989201,2.340774409103442,34.903828900822674,268.8334259729828,1974.0,2.0
23.3,-70.5,4016.343836162797,4080.6534034797683,2.3384161636103777,34.90356359699523,268.7524342924075,1974.0,2.0
23.3,-70.5,4418.818388333016,4493.74108860768,2.3157402929494775,34.89782526525569,267.75832077812,1974.0,2.0
23.3,-70.5,5226.446667938336,5324.886386997936,2.2395920766869426,34.87326819151616,258.37111506373867,1974.0,2.0
23.3,-70.5,5231.857041288779,5330.464221541773,2.237979507253978,34.873080788363204,258.3090430867424,1974.0,2.0
23.3,-70.5,996.8352784087951,1005.5991705320855,6.669262889195743,35.04665884750981,186.34945494731187,1974.0,2.0
23.3,-70.5,1009.7629493471136,1018.6722501185661,6.552705943830826,35.04677724572056,188.57330661730316,1974.0,2.0
23.3,-70.5,1996.531811954844,2018.9127857147248,3.6097598549933148,34.98349218745123,263.64447956543,1974.0,2.0
23.3,-70.5,2513.092409870463,2544.3772276518075,3.115322678156329,34.95705479797213,264.2649717559492,1974.0,2.0
23.3,-70.5,2517.5143496280366,2548.880832553775,3.111549502402931,34.95688538262115,264.31470396097734,1974.0,2.0
23.3,-70.5,3513.1270917509155,3565.2131288239116,2.4655185420157153,34.91425719370823,268.0570099590602,1974.0,2.0
23.3,-70.5,4003.910382020913,4067.903889077899,2.340097284142231,34.90375889084393,268.8094865369854,1974.0,2.0
23.3,-70.5,4014.7571401321375,4079.0263339151134,2.33863386043516,34.90359044731061,268.7596930534273,1974.0,2.0
23.3,-70.5,4428.754747082387,4503.948820295623,2.31546292085945,34.89766060808008,267.700306073815,1974.0,2.0
23.3,-70.5,4437.520592366519,4512.954443770252,2.315223930072163,34.89750447671568,267.64877365566167,1974.0,2.0
23.3,-70.5,5216.874468933706,5315.018232294185,2.2418900267648834,34.873602374939765,258.4880576393218,1974.0,2.0
23.3,-70.5,5219.13746163317,5317.351155664365,2.2414169028830777,34.87352290866716,258.4594517285875,1974.0,2.0
23.1,-65.2,1442.8614127727408,1457.0887058734781,4.539282888086939,35.029085668589055,245.5104122837895,1974.0,9.0
23.1,-65.2,1952.7747334861017,1974.4331372384452,3.6755915563261414,34.99250080221694,258.9888638217961,1974.0,9.0
23.1,-65.2,1953.771047125636,1975.4451853056455,3.674187396909094,34.99246302941729,258.992876924617,1974.0,9.0
23.1,-65.2,2475.8393942413068,2506.4062235555857,3.1166103362025277,34.96198442849606,259.7183078320198,1974.0,9.0
23.1,-65.2,3959.549666234932,4022.3671235495126,2.3439548010068023,34.90322336566222,267.4844813612727,1974.0,9.0
23.1,-65.2,3974.892896283751,4038.097145370341,2.341588396780125,34.90304504450719,267.47431561394944,1974.0,9.0
23.1,-65.2,4454.9168078111,4530.766461173495,2.2839681724491303,34.893920656877604,265.48030697411235,1974.0,9.0
23.1,-65.2,5317.724419647305,5418.933746993801,2.085519640958116,34.855146156763865,252.85991590857438,1974.0,9.0
23.1,-65.2,5336.45511607054,5438.252154146763,2.0839338808940844,34.854510353092756,252.6595096785522,1974.0,9.0
23.1,-65.2,1457.4075919099334,1471.8296239447673,4.504803145232297,35.027327911853405,247.2985419624728,1974.0,9.0
23.1,-65.2,1975.291421739564,1997.3065765013123,3.643768757393554,34.991791362606065,259.13189152822895,1974.0,9.0
23.1,-65.2,1979.2766762976987,2001.3552240911508,3.638220199738603,34.99167873245938,259.1632965282473,1974.0,9.0
23.1,-65.2,2475.04234332968,2505.594613316396,3.117245010801433,34.962030679714374,259.71701194060927,1974.0,9.0
23.1,-65.2,2968.2175948988743,3008.3493864495144,2.7571099151153216,34.93560655190087,262.533311126727,1974.0,9.0
23.1,-65.2,2969.4131712663147,3009.5695715538855,2.756378813105652,34.93554547694197,262.54516813426574,1974.0,9.0
23.1,-65.2,3458.204642821561,3508.9801306329864,2.490111283401167,34.914981298886744,266.169694476701,1974.0,9.0
23.1,-65.2,3460.197270100628,3511.018320792298,2.4892222581588617,34.91491787201423,266.18530166364485,1974.0,9.0
23.1,-65.2,3971.306167181429,4034.419900599275,2.34213708551056,34.90308781500747,267.47684543340335,1974.0,9.0
23.1,-65.2,3976.287735379097,4039.527200955089,2.3413756215627455,34.90302816428228,267.47330795172,1974.0,9.0
23.1,-65.2,4467.0718342134105,4543.255343832224,2.2825703815919227,34.89362226867609,265.3240808597952,1974.0,9.0
23.1,-65.2,4472.850453322706,4549.192917280056,2.2818996952828896,34.89347963207137,265.2504598712788,1974.0,9.0
23.1,-65.2,5314.137690544983,5415.234656819361,2.085865084372779,34.85527324681509,252.8998513282246,1974.0,9.0
23.1,-65.2,1443.0606755006477,1457.2906293955464,4.538806026546278,35.02906460940073,245.53093216180275,1974.0,9.0
23.1,-65.2,1922.2875361163692,1943.4667508645018,3.719765294830169,34.994044211147944,258.90716181105137,1974.0,9.0
23.1,-65.2,1978.0810999302585,2000.1406218808322,3.639878888913005,34.991712692734005,259.15384926004714,1974.0,9.0
23.1,-65.2,2476.0386569692137,2506.6091265835144,3.1164516453461517,34.961972868724615,259.7186333870829,1974.0,9.0
23.1,-65.2,2956.4610939523764,2996.351255553247,2.7643135592755397,34.93620818166004,262.41473215473354,1974.0,9.0
23.1,-65.2,2957.656670319817,2997.5713749392453,2.763579549358194,34.93614698062095,262.4269191698085,1974.0,9.0
23.1,-65.2,3479.5257547075826,3530.7897201190594,2.4807636921880145,34.91431167086995,266.32881993947984,1974.0,9.0
23.1,-65.2,3480.92059380293,3532.216589093149,2.480166200746251,34.91426858252137,266.33846696703984,1974.0,9.0
23.1,-65.2,3968.516488990735,4031.559862170792,2.342565552093525,34.903120529351234,267.47875032443,1974.0,9.0
23.1,-65.2,3972.50174354887,4035.645642293221,2.34195392810185,34.90307365353014,267.47601210381015,1974.0,9.0
23.1,-65.2,4474.0460296901465,4550.421399721452,2.2817604155190536,34.89345009020952,265.23537511461,1974.0,9.0
23.1,-65.2,4475.839394241308,4552.264135577534,2.28155115721209,34.89340576699349,265.21287053336533,1974.0,9.0
23.1,-65.2,5325.2964033077615,5426.743126615461,2.0848378269793986,34.85488331442063,252.7772513565484,1974.0,9.0
22.8,-55.1,1970.6471332209103,1992.5487563688507,3.6968608290852636,35.00461239114762,252.51372448223563,1974.0,9.0
22.8,-55.1,3021.50084317032,3062.6746198771834,2.725003575612142,34.93319960293811,255.7780297660937,1974.0,9.0
22.8,-55.1,3503.5307757166947,3555.2760692349325,2.4705510095660626,34.9114473028986,258.1260872160885,1974.0,9.0
22.8,-55.1,4013.490725126476,4077.5910768752656,2.2891364763978985,34.89387976847017,260.093971689082,1974.0,9.0
22.8,-55.1,4014.281197301855,4078.4016292247293,2.288944045272127,34.89386177603886,260.09388145527237,1974.0,9.0
22.8,-55.1,4508.537099494098,4585.772599057454,2.1786349539411747,34.87725830029117,256.9038859933143,1974.0,9.0
22.8,-55.1,4522.344013490725,4599.961873104908,2.1749168023150296,34.876680741789706,256.7777277795849,1974.0,9.0
22.8,-55.1,4993.465430016864,5084.648030393691,2.048021084733199,34.856155733081515,251.5981550043021,1974.0,9.0
22.8,-55.1,4994.41399662732,5085.624920455964,2.0478336202485363,34.856120262636246,251.58894233943101,1974.0,9.0
22.8,-55.1,5986.193086003373,6109.2227381826,1.9635614163147126,34.86511030818511,236.875400112835,1974.0,9.0
22.8,-55.1,1007.0615514333896,1015.9065805032108,6.231889212525248,34.98069453124804,164.28357595221334,1974.0,9.0
22.8,-55.1,1998.1028667790893,2020.4415926150293,3.6464544172344495,35.002650467388904,252.08512629262322,1974.0,9.0
22.8,-55.1,1999.2095278246204,2021.5659471705594,3.6446121797179627,35.002562351293605,252.0815194161445,1974.0,9.0
22.8,-55.1,2493.939713322091,2524.787552483899,3.0568397526563817,34.9606367312154,253.62309236721356,1974.0,9.0
22.8,-55.1,2509.1694772344017,2540.297074543848,3.0451661228236926,34.95982969838478,253.6805808612979,1974.0,9.0
22.8,-55.1,3018.180860033727,3059.285577586895,2.726863177587856,34.93336872516275,255.7609969226445,1974.0,9.0
22.8,-55.1,3018.9713322091065,3060.0924877484126,2.726420562900407,34.93332848125163,255.76503954670366,1974.0,9.0
22.8,-55.1,3508.642495784149,3560.50567729561,2.468166691280025,34.911245380170776,258.154001867237,1974.0,9.0
22.8,-55.1,3509.5910623946047,3561.4761333367055,2.4677246971773688,34.91120791084483,258.1592138613097,1974.0,9.0
22.8,-55.1,3989.934654300169,4053.4379326521316,2.2951700020397623,34.89445176692701,260.08975703021906,1974.0,9.0
22.8,-55.1,3999.10413153457,4062.839525035093,2.292740670661744,34.894221508351755,260.0946852759892,1974.0,9.0
22.8,-55.1,4511.330101180439,4588.6428784614,2.177889581088551,34.87714355252311,256.8778701543741,1974.0,9.0
22.8,-55.1,4516.072934232715,4593.517019074709,2.176615789522776,34.87694618489625,256.8343143482609,1974.0,9.0
22.8,-55.1,4976.391231028669,5067.064702721145,2.051264854026085,34.85679369312565,251.77208217212555,1974.0,9.0
22.8,-55.1,4982.0826306914005,5072.925665945161,2.0502072362852584,34.8565810855476,251.71256537491885,1974.0,9.0
22.8,-55.1,5491.620994940978,5598.234521377576,2.0074838526651475,34.841743436441774,249.8064327772687,1974.0,9.0
22.8,-55.1,5985.508010118044,6108.51417203513,1.963717587238141,34.86496115880089,236.94695662314882,1974.0,9.0
22.8,-55.1,5990.883220910624,6114.073746809733,1.962482612896442,34.8661450572694,236.37924452927103,1974.0,9.0
22.8,-55.1,1998.735244519393,2021.0840802193522,3.6453989964550013,35.00260026917172,252.08284824402938,1974.0,9.0
22.8,-55.1,2510.434232715009,2541.5851116997055,3.0442340823906546,34.95976815004043,253.685162478007,1974.0,9.0
22.8,-55.1,3019.6037099494097,3060.7380179789266,2.7260664028870294,34.933296275116454,255.76827958120626,1974.0,9.0
22.8,-55.1,3020.5522765598653,3061.706316826817,2.725535052852816,34.93324794866976,255.7731491738658,1974.0,9.0
22.8,-55.1,3516.231028667791,3568.2694422646337,2.4646356541365124,34.9109456735325,258.195936288879,1974.0,9.0
22.8,-55.1,3517.179595278247,3569.239931630666,2.4641951521378553,34.91090822178539,258.2012124193303,1974.0,9.0
22.8,-55.1,3995.4152613827982,4059.057228832469,2.293703298204753,34.89431334312675,260.0936654668666,1974.0,9.0
22.8,-55.1,4012.2259696458686,4076.2941990789845,2.289445503011107,34.89390870803163,260.0941056321725,1974.0,9.0
22.8,-55.1,4514.4392917369305,4591.838136872979,2.1770556598107857,34.87701451234994,256.84923473451056,1974.0,9.0
22.8,-55.1,4517.126897133221,4594.600175321062,2.1763313920401375,34.876901916606904,256.8247307044812,1974.0,9.0
22.8,-55.1,4995.889544688027,5087.144535278978,2.0475401543879737,34.85606507514318,251.5747199894485,1974.0,9.0
22.8,-55.1,5002.0552276559865,5093.494460511371,2.0462858276057903,34.8558341222301,251.51671815953708,1974.0,9.0
22.8,-55.1,5517.601180438448,5625.04996299511,2.0074615301975114,34.84100834907408,250.02925006195963,1974.0,9.0
22.8,-55.1,5518.549747048904,5626.029082783665,2.007458322188526,34.84098093209938,250.03764851511755,1974.0,9.0
22.8,-55.1,5979.605817875211,6102.409688165268,1.9650482916483096,34.86369705717487,237.5538550805175,1974.0,9.0
22.8,-55.1,5984.243254637437,6107.20605537244,1.964004963766792,34.864687134829026,237.0784507073063,1974.0,9.0
25.9,-60.3,1018.5447156562668,1027.74010048087,6.642483949419268,35.06520407901119,173.50642130888295,1974.0,9.0
25.9,-60.3,2014.71231255948,2037.7564737319797,3.663177909347059,35.01186914261194,251.7830101838062,1974.0,9.0
25.9,-60.3,2018.8790863962556,2041.991142974998,3.656618446223485,35.01145831805117,251.81889142083213,1974.0,9.0
25.9,-60.3,2523.830345430696,2555.7798280832103,3.0829543536184096,34.96498549030253,254.36158903749117,1974.0,9.0
25.9,-60.3,2524.910620129119,2556.8803014587506,3.0821074760484763,34.964924629829575,254.36635597373456,1974.0,9.0
25.9,-60.3,2983.101417217521,3024.1328489089,2.7727436630092983,34.93942177903655,256.58583037272734,1974.0,9.0
25.9,-60.3,2984.798991743615,3025.8658268196164,2.771765941204656,34.93933205797136,256.5948955575092,1974.0,9.0
25.9,-60.3,3499.1640731500297,3551.576781838955,2.5086774327739945,34.914843463310326,261.13082603985634,1974.0,9.0
25.9,-60.3,3500.861647676123,3553.3138369412627,2.507910828454051,34.91477578784294,261.1450617947249,1974.0,9.0
25.9,-60.3,3988.991486406544,4053.3483326745627,2.3399262652142285,34.901045444226334,263.29161030666273,1974.0,9.0
25.9,-60.3,4002.263432701459,4066.9592813546074,2.3370278482590487,34.900734386435914,263.2923954323531,1974.0,9.0
25.9,-60.3,4499.344118933099,4577.317387060367,2.245045189233646,34.88553634452584,261.6396499309147,1974.0,9.0
25.9,-60.3,4501.504668329946,4579.53810738719,2.244600143737893,34.885460533750695,261.62111199702025,1974.0,9.0
25.9,-60.3,5008.307826847398,5101.040558686531,2.1152082103320913,34.863303199397905,254.77130653802402,1974.0,9.0
25.9,-60.3,5012.937575554926,5105.809940761879,2.113965989026472,34.8630797245342,254.75176565445364,1974.0,9.0
25.9,-60.3,5493.351166439465,5601.236366161257,2.059691355476579,34.84941311981736,250.2951031396,1974.0,9.0
25.9,-60.3,5502.456338897606,5610.63605735847,2.059997661968529,34.84941130445157,250.20597632005126,1974.0,9.0
25.9,-60.3,1018.6990406131844,1027.8962011461044,6.641153950403211,35.065197346436285,173.5115100282343,1974.0,9.0
25.9,-60.3,2003.4465907044937,2026.3075962634975,3.680582237143822,35.01272412091077,251.726644455558,1974.0,9.0
25.9,-60.3,2005.6071401013403,2028.5032246089347,3.6772873796960472,35.0125917619098,251.73235230960907,1974.0,9.0
25.9,-60.3,2509.0151495666046,2540.688176866876,3.0946340244303525,34.96584239318542,254.29755526871833,1974.0,9.0
25.9,-60.3,2524.447645258366,2556.4086693385143,3.082470343580642,34.96495068967135,254.36431168548094,1974.0,9.0
25.9,-60.3,3007.330435453587,3048.8684460376103,2.758991359566549,34.93810025178473,256.7271988124413,1974.0,9.0
25.9,-60.3,3009.182334936599,3050.759177806352,2.757962522269358,34.93799473747582,256.73892987518104,1974.0,9.0
25.9,-60.3,3487.2810514673733,3539.4177699483803,2.51402876426191,34.915310432107866,261.03313535638375,1974.0,9.0
25.9,-60.3,3492.2194500887367,3544.4707863514413,2.511807425217248,34.91511767110848,261.0733641019538,1974.0,9.0
25.9,-60.3,4007.6648061935753,4072.498852457995,2.3358970562576453,34.90060946752086,263.29214761021984,1974.0,9.0
25.9,-60.3,4493.016795699477,4570.81397112576,2.246357031571247,34.88575939958409,261.69267718703554,1974.0,9.0
25.9,-60.3,4499.652768846934,4577.634631521186,2.2449815515359846,34.88552550062414,261.6370367993395,1974.0,9.0
25.9,-60.3,4999.974279173846,5092.455914406015,2.1173965628442137,34.86369058530647,254.8119354213162,1974.0,9.0
25.9,-60.3,5001.826178656858,5094.363586082607,2.116916261833192,34.86360632396896,254.80224884485054,1974.0,9.0
25.9,-60.3,5493.042516525631,5600.91773905048,2.059681838326614,34.84941331858446,250.2981287762216,1974.0,9.0
25.9,-60.3,5511.4071863988265,5619.876792659176,2.0603495946299817,34.84941746910152,250.11860488032175,1974.0,9.0
25.9,-60.3,1004.1924946629288,1013.223242290228,6.769422841495982,35.06595107041048,172.90269917104416,1974.0,9.0
25.9,-60.3,2006.996064713599,2029.9147116990796,3.6751576811492943,35.01249836362058,251.73737349862316,1974.0,9.0
25.9,-60.3,2008.23066436894,2031.1693745936332,3.6732573403750712,35.0124100413742,251.7426951093724,1974.0,9.0
25.9,-60.3,2493.582653874843,2524.9688073257857,3.106908873164027,34.966788724973476,254.2344703660347,1974.0,9.0
25.9,-60.3,2496.97780292703,2528.4269722618524,3.1042077213213912,34.96657628063258,254.24799524437364,1974.0,9.0
25.9,-60.3,2996.219038555518,3037.524392034945,2.765240006795674,34.93871841721485,256.659109472101,1974.0,9.0
25.9,-60.3,2998.225262995448,3039.572581316431,2.764103135811094,34.93860859767641,256.67103566107085,1974.0,9.0
25.9,-60.3,3497.3121736670187,3549.681827862184,2.5095129438168176,34.914916976985246,261.1153960079053,1974.0,9.0
25.9,-60.3,3498.3924483654414,3550.7872157511374,2.5090256444646073,34.9148741304142,261.12438713858836,1974.0,9.0
25.9,-60.3,3998.559633735436,4063.1607957194715,2.337819666947118,34.90082117474572,263.29240527426725,1974.0,9.0
25.9,-60.3,4009.208055762751,4074.0816116571195,2.3355789213634854,34.90057412563258,263.29202853782783,1974.0,9.0
25.9,-60.3,4511.690115486508,4590.007503512565,2.242506762387268,34.88510619477034,261.52218727571994,1974.0,9.0
25.9,-60.3,4521.721237686155,4600.318733611485,2.2404497462194706,34.884760842292714,261.408407748382,1974.0,9.0
25.9,-60.3,5001.6718536999415,5094.204612852439,2.1169564270470373,34.863613387809266,254.80304102101354,1974.0,9.0
25.9,-60.3,5502.302013940687,5610.4767374736975,2.059992047186892,34.84941126861792,250.20748485495477,1974.0,9.0
32.37,-55.0,3598.0,3654.5984644903842,2.522352799208052,34.916794653644224,263.1701339800362,1976.0,11.0
32.37,-55.0,4799.0,4888.021446693517,2.1781418195167297,34.87603938732749,255.73617132381708,1976.0,11.0
32.37,-55.0,5518.0,5629.567176227875,2.1726621649194624,34.86592362935898,253.15479930281361,1976.0,11.0
32.37,-55.0,3598.0,3654.5984644903842,2.522352799208052,34.916794653644224,263.1701339800362,1976.0,11.0
32.37,-55.0,4799.0,4888.021446693517,2.1781418195167297,34.87603938732749,255.73617132381708,1976.0,11.0
32.37,-55.0,5518.0,5629.567176227875,2.1726621649194624,34.86592362935898,253.15479930281361,1976.0,11.0
32.37,-55.0,3598.0,3654.5984644903842,2.522352799208052,34.916794653644224,263.1701339800362,1976.0,11.0
32.37,-55.0,4799.0,4888.021446693517,2.1781418195167297,34.87603938732749,255.73617132381708,1976.0,11.0
32.37,-55.0,5518.0,5629.567176227875,2.1726621649194624,34.86592362935898,253.15479930281361,1976.0,11.0
32.37,-55.0,3598.0,3654.5984644903842,2.522352799208052,34.916794653644224,263.1701339800362,1976.0,11.0
32.37,-55.0,4799.0,4888.021446693517,2.1781418195167297,34.87603938732749,255.73617132381708,1976.0,11.0
32.37,-55.0,5518.0,5629.567176227875,2.1726621649194624,34.86592362935898,253.15479930281361,1976.0,11.0
32.37,-55.0,3598.0,3654.5984644903842,2.522352799208052,34.916794653644224,263.1701339800362,1976.0,11.0
32.37,-55.0,4799.0,4888.021446693517,2.1781418195167297,34.87603938732749,255.73617132381708,1976.0,11.0
32.37,-55.0,5518.0,5629.567176227875,2.1726621649194624,34.86592362935898,253.15479930281361,1976.0,11.0
32.37,-55.0,3598.0,3654.5984644903842,2.522352799208052,34.916794653644224,263.1701339800362,1976.0,11.0
32.37,-55.0,4799.0,4888.021446693517,2.1781418195167297,34.87603938732749,255.73617132381708,1976.0,11.0
32.37,-55.0,5518.0,5629.567176227875,2.1726621649194624,34.86592362935898,253.15479930281361,1976.0,11.0
32.37,-55.0,3598.0,3654.5984644903842,2.522352799208052,34.916794653644224,263.1701339800362,1976.0,11.0
32.37,-55.0,4799.0,4888.021446693517,2.1781418195167297,34.87603938732749,255.73617132381708,1976.0,11.0
32.37,-55.0,5518.0,5629.567176227875,2.1726621649194624,34.86592362935898,253.15479930281361,1976.0,11.0
32.37,-55.0,3598.0,3654.5984644903842,2.522352799208052,34.916794653644224,263.1701339800362,1976.0,11.0
32.37,-55.0,4799.0,4888.021446693517,2.1781418195167297,34.87603938732749,255.73617132381708,1976.0,11.0
32.37,-55.0,5518.0,5629.567176227875,2.1726621649194624,34.86592362935898,253.15479930281361,1976.0,11.0
32.37,-55.0,3598.0,3654.5984644903842,2.522352799208052,34.916794653644224,263.1701339800362,1976.0,11.0
32.37,-55.0,4799.0,4888.021446693517,2.1781418195167297,34.87603938732749,255.73617132381708,1976.0,11.0
32.37,-55.0,5518.0,5629.567176227875,2.1726621649194624,34.86592362935898,253.15479930281361,1976.0,11.0
32.37,-55.0,3598.0,3654.5984644903842,2.522352799208052,34.916794653644224,263.1701339800362,1976.0,11.0
32.37,-55.0,4799.0,4888.021446693517,2.1781418195167297,34.87603938732749,255.73617132381708,1976.0,11.0
32.37,-55.0,5518.0,5629.567176227875,2.1726621649194624,34.86592362935898,253.15479930281361,1976.0,11.0
32.37,-55.0,3598.0,3654.5984644903842,2.522352799208052,34.916794653644224,263.1701339800362,1976.0,11.0
32.37,-55.0,4799.0,4888.021446693517,2.1781418195167297,34.87603938732749,255.73617132381708,1976.0,11.0
32.37,-55.0,5518.0,5629.567176227875,2.1726621649194624,34.86592362935898,253.15479930281361,1976.0,11.0
32.37,-55.0,3598.0,3654.5984644903842,2.522352799208052,34.916794653644224,263.1701339800362,1976.0,11.0
32.37,-55.0,4799.0,4888.021446693517,2.1781418195167297,34.87603938732749,255.73617132381708,1976.0,11.0
32.37,-55.0,5518.0,5629.567176227875,2.1726621649194624,34.86592362935898,253.15479930281361,1976.0,11.0
32.37,-55.0,3598.0,3654.5984644903842,2.522352799208052,34.916794653644224,263.1701339800362,1976.0,11.0
32.37,-55.0,4799.0,4888.021446693517,2.1781418195167297,34.87603938732749,255.73617132381708,1976.0,11.0
32.37,-55.0,5518.0,5629.567176227875,2.1726621649194624,34.86592362935898,253.15479930281361,1976.0,11.0
4.0,-82.0,627.5,631.9450620493393,6.920652857076926,34.60711564572793,16.75948737016641,1979.0,8.0
4.0,-82.0,649.9,654.53923730938,6.724046124481808,34.603706743918174,21.265496329248442,1979.0,8.0
4.0,-82.0,1266.1,1277.0336047972994,3.7259821325747016,34.61157161486655,61.06373096648627,1979.0,8.0
4.0,-82.0,1266.1,1277.0336047972994,3.7259821325747016,34.61157161486655,61.06373096648627,1979.0,8.0
4.0,-82.0,2240.9,2265.512178436689,2.1642245524582306,34.66336441441352,98.98056113963408,1979.0,8.0
4.0,-82.0,2240.9,2265.512178436689,2.1642245524582306,34.66336441441352,98.98056113963408,1979.0,8.0
4.0,-82.0,2845.9,2881.2661246864077,2.0326900482177734,34.668212890625,105.7814712524414,1979.0,8.0
4.0,-82.0,2845.9,2881.2661246864077,2.0326900482177734,34.668212890625,105.7814712524414,1979.0,8.0
4.0,-82.0,3731.1,3785.281149976462,2.0326900482177734,34.668212890625,105.7814712524414,1979.0,8.0
4.0,-82.0,3731.1,3785.281149976462,2.0326900482177734,34.668212890625,105.7814712524414,1979.0,8.0
4.0,-82.0,3731.1,3785.281149976462,2.0326900482177734,34.668212890625,105.7814712524414,1979.0,8.0
4.0,-82.0,3742.3,3796.7424439768906,2.0326900482177734,34.668212890625,105.7814712524414,1979.0,8.0
4.0,-82.0,3787.1,3842.59339389097,2.0326900482177734,34.668212890625,105.7814712524414,1979.0,8.0
4.0,-82.0,3787.1,3842.59339389097,2.0326900482177734,34.668212890625,105.7814712524414,1979.0,8.0
0.0,-152.2,1523.0,1537.0585421925473,2.9732225472687595,34.60679573267076,94.67164941307335,1982.0,1.0
0.0,-152.2,2298.0,2323.493462640176,1.9824486464002387,34.658211252009956,115.99370827683482,1982.0,1.0
0.0,-152.2,2734.0,2767.1759534170933,1.7717530234994217,34.6714120670376,129.33630784244002,1982.0,1.0
0.0,-152.2,3031.0,3069.9198432271705,1.671130244257562,34.67595656000969,135.1144763890269,1982.0,1.0
0.0,-152.2,3213.0,3255.6430483808367,1.6064328134298491,34.679687804519524,141.18605717357372,1982.0,1.0
0.0,-152.2,3393.0,3439.4767593084016,1.537052198697382,34.6844030467746,147.0816331584719,1982.0,1.0
0.0,-152.2,3574.0,3624.483118464837,1.4713775364366692,34.689184818017985,152.40847746482996,1982.0,1.0
0.0,-152.2,3742.0,3796.3371085439708,1.4308604691127549,34.69243311981899,156.67632717851237,1982.0,1.0
0.0,-152.2,3838.0,3894.5977514305223,1.418753417154903,34.69361213034418,158.77428063180952,1982.0,1.0
0.0,-152.2,3934.0,3992.9007481748063,1.4100250734529127,34.694852748915004,160.87396448867685,1982.0,1.0
0.0,-152.2,4030.0,4091.246025305672,1.4005180572007636,34.69644340032832,162.880324334319,1982.0,1.0
0.0,-152.2,4216.0,4281.910042801752,1.3859118834961401,34.69869411254882,166.6451639965162,1982.0,1.0
0.0,-152.2,4312.0,4380.379093763071,1.3835179076786566,34.697196869352034,168.06158935163268,1982.0,1.0
0.0,-152.2,1523.0,1537.0585421925473,2.9732225472687595,34.60679573267076,94.67164941307335,1982.0,1.0
0.0,-152.2,2298.0,2323.493462640176,1.9824486464002387,34.658211252009956,115.99370827683482,1982.0,1.0
0.0,-152.2,2734.0,2767.1759534170933,1.7717530234994217,34.6714120670376,129.33630784244002,1982.0,1.0
0.0,-152.2,3031.0,3069.9198432271705,1.671130244257562,34.67595656000969,135.1144763890269,1982.0,1.0
0.0,-152.2,3213.0,3255.6430483808367,1.6064328134298491,34.679687804519524,141.18605717357372,1982.0,1.0
0.0,-152.2,3393.0,3439.4767593084016,1.537052198697382,34.6844030467746,147.0816331584719,1982.0,1.0
0.0,-152.2,3574.0,3624.483118464837,1.4713775364366692,34.689184818017985,152.40847746482996,1982.0,1.0
0.0,-152.2,3742.0,3796.3371085439708,1.4308604691127549,34.69243311981899,156.67632717851237,1982.0,1.0
0.0,-152.2,3838.0,3894.5977514305223,1.418753417154903,34.69361213034418,158.77428063180952,1982.0,1.0
0.0,-152.2,3934.0,3992.9007481748063,1.4100250734529127,34.694852748915004,160.87396448867685,1982.0,1.0
0.0,-152.2,4030.0,4091.246025305672,1.4005180572007636,34.69644340032832,162.880324334319,1982.0,1.0
0.0,-152.2,4216.0,4281.910042801752,1.3859118834961401,34.69869411254882,166.6451639965162,1982.0,1.0
0.0,-152.2,4312.0,4380.379093763071,1.3835179076786566,34.697196869352034,168.06158935163268,1982.0,1.0
0.0,-152.2,1523.0,1537.0585421925473,2.9732225472687595,34.60679573267076,94.67164941307335,1982.0,1.0
0.0,-152.2,2298.0,2323.493462640176,1.9824486464002387,34.658211252009956,115.99370827683482,1982.0,1.0
0.0,-152.2,2734.0,2767.1759534170933,1.7717530234994217,34.6714120670376,129.33630784244002,1982.0,1.0
0.0,-152.2,3031.0,3069.9198432271705,1.671130244257562,34.67595656000969,135.1144763890269,1982.0,1.0
0.0,-152.2,3213.0,3255.6430483808367,1.6064328134298491,34.679687804519524,141.18605717357372,1982.0,1.0
0.0,-152.2,3393.0,3439.4767593084016,1.537052198697382,34.6844030467746,147.0816331584719,1982.0,1.0
0.0,-152.2,3574.0,3624.483118464837,1.4713775364366692,34.689184818017985,152.40847746482996,1982.0,1.0
0.0,-152.2,3742.0,3796.3371085439708,1.4308604691127549,34.69243311981899,156.67632717851237,1982.0,1.0
0.0,-152.2,3838.0,3894.5977514305223,1.418753417154903,34.69361213034418,158.77428063180952,1982.0,1.0
0.0,-152.2,3934.0,3992.9007481748063,1.4100250734529127,34.694852748915004,160.87396448867685,1982.0,1.0
0.0,-152.2,4030.0,4091.246025305672,1.4005180572007636,34.69644340032832,162.880324334319,1982.0,1.0
0.0,-152.2,4216.0,4281.910042801752,1.3859118834961401,34.69869411254882,166.6451639965162,1982.0,1.0
0.0,-152.2,4312.0,4380.379093763071,1.3835179076786566,34.697196869352034,168.06158935163268,1982.0,1.0
0.0,-152.2,1523.0,1537.0585421925473,2.9732225472687595,34.60679573267076,94.67164941307335,1982.0,1.0
0.0,-152.2,2298.0,2323.493462640176,1.9824486464002387,34.658211252009956,115.99370827683482,1982.0,1.0
0.0,-152.2,2734.0,2767.1759534170933,1.7717530234994217,34.6714120670376,129.33630784244002,1982.0,1.0
0.0,-152.2,3031.0,3069.9198432271705,1.671130244257562,34.67595656000969,135.1144763890269,1982.0,1.0
0.0,-152.2,3213.0,3255.6430483808367,1.6064328134298491,34.679687804519524,141.18605717357372,1982.0,1.0
0.0,-152.2,3393.0,3439.4767593084016,1.537052198697382,34.6844030467746,147.0816331584719,1982.0,1.0
0.0,-152.2,3574.0,3624.483118464837,1.4713775364366692,34.689184818017985,152.40847746482996,1982.0,1.0
0.0,-152.2,3742.0,3796.3371085439708,1.4308604691127549,34.69243311981899,156.67632717851237,1982.0,1.0
0.0,-152.2,3838.0,3894.5977514305223,1.418753417154903,34.69361213034418,158.77428063180952,1982.0,1.0
0.0,-152.2,3934.0,3992.9007481748063,1.4100250734529127,34.694852748915004,160.87396448867685,1982.0,1.0
0.0,-152.2,4030.0,4091.246025305672,1.4005180572007636,34.69644340032832,162.880324334319,1982.0,1.0
0.0,-152.2,4216.0,4281.910042801752,1.3859118834961401,34.69869411254882,166.6451639965162,1982.0,1.0
0.0,-152.2,4312.0,4380.379093763071,1.3835179076786566,34.697196869352034,168.06158935163268,1982.0,1.0
0.0,-152.2,1523.0,1537.0585421925473,2.9732225472687595,34.60679573267076,94.67164941307335,1982.0,1.0
0.0,-152.2,2298.0,2323.493462640176,1.9824486464002387,34.658211252009956,115.99370827683482,1982.0,1.0
0.0,-152.2,2734.0,2767.1759534170933,1.7717530234994217,34.6714120670376,129.33630784244002,1982.0,1.0
0.0,-152.2,3031.0,3069.9198432271705,1.671130244257562,34.67595656000969,135.1144763890269,1982.0,1.0
0.0,-152.2,3213.0,3255.6430483808367,1.6064328134298491,34.679687804519524,141.18605717357372,1982.0,1.0
0.0,-152.2,3393.0,3439.4767593084016,1.537052198697382,34.6844030467746,147.0816331584719,1982.0,1.0
0.0,-152.2,3574.0,3624.483118464837,1.4713775364366692,34.689184818017985,152.40847746482996,1982.0,1.0
0.0,-152.2,3742.0,3796.3371085439708,1.4308604691127549,34.69243311981899,156.67632717851237,1982.0,1.0
0.0,-152.2,3838.0,3894.5977514305223,1.418753417154903,34.69361213034418,158.77428063180952,1982.0,1.0
0.0,-152.2,3934.0,3992.9007481748063,1.4100250734529127,34.694852748915004,160.87396448867685,1982.0,1.0
0.0,-152.2,4030.0,4091.246025305672,1.4005180572007636,34.69644340032832,162.880324334319,1982.0,1.0
0.0,-152.2,4216.0,4281.910042801752,1.3859118834961401,34.69869411254882,166.6451639965162,1982.0,1.0
0.0,-152.2,4312.0,4380.379093763071,1.3835179076786566,34.697196869352034,168.06158935163268,1982.0,1.0
22.75,-158.0,350.8866,353.4052440901601,10.862167118971483,34.195898558656516,191.0205807005535,1993.0,2.0
22.75,-158.0,449.07863,452.41006302538364,8.192959731694625,34.08895860424662,154.5286068900783,1993.0,2.0
22.75,-158.0,501.66599,505.45207848035534,7.136066779544457,34.07693282231067,121.71253437658987,1993.0,6.0
22.75,-158.0,549.66101,553.8738245301423,6.381396530817941,34.10086786466684,90.76859495708287,1993.0,2.0
22.75,-158.0,550.02318,554.2392572945586,6.376796278671733,34.101104615320246,90.54983077816652,1993.0,6.0
22.75,-158.0,601.61094,606.298297308077,5.831953019133814,34.15294890429198,61.41964338872073,1993.0,6.0
22.75,-158.0,624.89135,629.7956302536494,5.6206193682599555,34.17976785690645,50.62354044665384,1993.0,2.0
22.75,-158.0,650.86632,656.0157447275081,5.417859977558219,34.210808746539726,41.41625197894677,1993.0,6.0
22.75,-158.0,699.81747,705.4378042633814,5.134283708515876,34.26858025882034,32.019430800777165,1993.0,6.0
22.75,-158.0,747.71107,753.8034157286372,4.931573762177432,34.320960916768186,29.72195958922071,1993.0,2.0
22.75,-158.0,750.07243,756.1883362457866,4.921684634039784,34.32347569756382,29.662049644478877,1993.0,6.0
22.75,-158.0,848.1196,855.2376733498887,4.506567091465043,34.407317264276344,31.492472001527048,1993.0,6.0
22.75,-158.0,978.51596,987.0390716792024,4.097670770120453,34.484149129864896,40.60870996985121,1993.0,2.0
22.75,-158.0,999.02938,1007.7810214860468,4.045645500968763,34.491030348467916,42.15012833639342,1993.0,6.0
29.98,175.0,1668.0,1686.211180616187,2.272057992862085,34.553738502697605,54.05434799084032,2001.0,9.0
29.98,175.0,1934.0,1956.3566775478703,1.9909686314931068,34.59820740465527,74.92138095545117,2001.0,9.0
29.98,175.0,2208.0,2234.979384026241,1.7851707192759472,34.623508558071016,92.11165822475294,2001.0,9.0
29.98,175.0,2472.0,2503.7702107311866,1.6725547429277823,34.64185240091274,106.92813005129042,2001.0,9.0
29.98,175.0,2745.0,2782.0703840173674,1.5930166643040542,34.656263024474086,119.57862415160798,2001.0,9.0
29.98,175.0,3010.0,3052.550165174165,1.5356771097898911,34.66577313645248,129.79366996988608,2001.0,9.0
29.98,175.0,3279.0,3327.4485038574535,1.4949699323426107,34.67365529546573,137.24874299309306,2001.0,9.0
29.98,175.0,3381.0,3431.773188941711,1.48509322834232,34.67484227822412,139.77273679346257,2001.0,9.0
29.98,175.0,3489.0,3542.28729478752,1.476742582236442,34.67716672316591,142.17801022812728,2001.0,9.0
29.98,175.0,3597.0,3652.8554771272725,1.467829540001397,34.679035051825835,144.46226516150145,2001.0,9.0
29.98,175.0,3704.0,3762.45310449352,1.4651952846719811,34.68107223007623,146.68562506476655,2001.0,9.0
29.98,175.0,3820.0,3881.328953235991,1.4616423894620314,34.68246425442636,149.01936328882115,2001.0,9.0
29.98,175.0,3820.0,3881.328953235991,1.4616423894620314,34.68246425442636,149.01936328882115,2001.0,9.0
29.98,175.0,3929.0,3993.0877745892635,1.460006263138076,34.68368124667883,151.15225414412396,2001.0,9.0
29.98,175.0,4037.0,4103.875182932262,1.4579583353382721,34.68577867614259,153.21860422914642,2001.0,9.0
29.98,175.0,4145.0,4214.7161348371155,1.4576088200211523,34.686944942565276,155.26906552880587,2001.0,9.0
29.98,175.0,4253.0,4325.610525306473,1.4580846168718589,34.688072628214826,157.31916387254898,2001.0,9.0
29.98,175.0,4468.0,4546.5311716579145,1.4580773158493041,34.6903336245207,161.3985932734122,2001.0,9.0
29.98,175.0,4468.0,4546.5311716579145,1.4580773158493041,34.6903336245207,161.3985932734122,2001.0,9.0
29.98,175.0,4576.0,4657.584756721939,1.4580506041107177,34.69104007066359,163.19515430351603,2001.0,9.0
29.98,175.0,4664.0,4748.112069101878,1.4586977348405068,34.691754457225244,164.6153415474778,2001.0,9.0
29.98,175.0,4792.0,4879.850881653504,1.4609598794727885,34.69284488340664,166.6490249408759,2001.0,9.0
29.98,175.0,4898.0,4989.003245073125,1.462454900841589,34.69380062002919,168.24801204166346,2001.0,9.0
29.98,175.0,4950.0,5042.56825698183,1.463502452405471,34.694075535671786,168.8327083186505,2001.0,9.0
29.98,175.0,5059.0,5154.888361403363,1.467859925092143,34.69452756829359,170.14527312342284,2001.0,9.0
29.98,175.0,5167.0,5266.230801431633,1.4731383790368797,34.694962411690234,171.8225040243328,2001.0,9.0
29.98,175.0,5167.0,5266.230801431633,1.4731383790368797,34.694962411690234,171.8225040243328,2001.0,9.0
29.98,175.0,5272.0,5374.5306789378155,1.4848572991609257,34.69536022862921,172.2729184915325,2001.0,9.0
29.98,175.0,1668.0,1686.211180616187,2.272057992862085,34.553738502697605,54.05434799084032,2001.0,9.0
29.98,175.0,2208.0,2234.979384026241,1.7851707192759472,34.623508558071016,92.11165822475294,2001.0,9.0
29.98,175.0,3279.0,3327.4485038574535,1.4949699323426107,34.67365529546573,137.24874299309306,2001.0,9.0
29.98,175.0,3820.0,3881.328953235991,1.4616423894620314,34.68246425442636,149.01936328882115,2001.0,9.0
29.98,175.0,4037.0,4103.875182932262,1.4579583353382721,34.68577867614259,153.21860422914642,2001.0,9.0
29.98,175.0,4468.0,4546.5311716579145,1.4580773158493041,34.6903336245207,161.3985932734122,2001.0,9.0
29.98,175.0,4950.0,5042.56825698183,1.463502452405471,34.694075535671786,168.8327083186505,2001.0,9.0
29.98,175.0,5167.0,5266.230801431633,1.4731383790368797,34.694962411690234,171.8225040243328,2001.0,9.0
29.98,175.0,5272.0,5374.5306789378155,1.4848572991609257,34.69536022862921,172.2729184915325,2001.0,9.0
29.98,175.0,1668.0,1686.211180616187,2.272057992862085,34.553738502697605,54.05434799084032,2001.0,9.0
29.98,175.0,2208.0,2234.979384026241,1.7851707192759472,34.623508558071016,92.11165822475294,2001.0,9.0
29.98,175.0,2745.0,2782.0703840173674,1.5930166643040542,34.656263024474086,119.57862415160798,2001.0,9.0
29.98,175.0,3279.0,3327.4485038574535,1.4949699323426107,34.67365529546573,137.24874299309306,2001.0,9.0
29.98,175.0,3820.0,3881.328953235991,1.4616423894620314,34.68246425442636,149.01936328882115,2001.0,9.0
29.98,175.0,4037.0,4103.875182932262,1.4579583353382721,34.68577867614259,153.21860422914642,2001.0,9.0
29.98,175.0,4468.0,4546.5311716579145,1.4580773158493041,34.6903336245207,161.3985932734122,2001.0,9.0
29.98,175.0,4950.0,5042.56825698183,1.463502452405471,34.694075535671786,168.8327083186505,2001.0,9.0
29.98,175.0,5167.0,5266.230801431633,1.4731383790368797,34.694962411690234,171.8225040243328,2001.0,9.0
29.98,175.0,5272.0,5374.5306789378155,1.4848572991609257,34.69536022862921,172.2729184915325,2001.0,9.0
29.98,175.0,1668.0,1686.211180616187,2.272057992862085,34.553738502697605,54.05434799084032,2001.0,9.0
29.98,175.0,1668.0,1686.211180616187,2.272057992862085,34.553738502697605,54.05434799084032,2001.0,9.0
29.98,175.0,2472.0,2503.7702107311866,1.6725547429277823,34.64185240091274,106.92813005129042,2001.0,9.0
29.98,175.0,3010.0,3052.550165174165,1.5356771097898911,34.66577313645248,129.79366996988608,2001.0,9.0
29.98,175.0,3279.0,3327.4485038574535,1.4949699323426107,34.67365529546573,137.24874299309306,2001.0,9.0
29.98,175.0,3381.0,3431.773188941711,1.48509322834232,34.67484227822412,139.77273679346257,2001.0,9.0
29.98,175.0,3489.0,3542.28729478752,1.476742582236442,34.67716672316591,142.17801022812728,2001.0,9.0
29.98,175.0,3597.0,3652.8554771272725,1.467829540001397,34.679035051825835,144.46226516150145,2001.0,9.0
29.98,175.0,3704.0,3762.45310449352,1.4651952846719811,34.68107223007623,146.68562506476655,2001.0,9.0
29.98,175.0,3820.0,3881.328953235991,1.4616423894620314,34.68246425442636,149.01936328882115,2001.0,9.0
29.98,175.0,4037.0,4103.875182932262,1.4579583353382721,34.68577867614259,153.21860422914642,2001.0,9.0
29.98,175.0,4145.0,4214.7161348371155,1.4576088200211523,34.686944942565276,155.26906552880587,2001.0,9.0
29.98,175.0,4253.0,4325.610525306473,1.4580846168718589,34.688072628214826,157.31916387254898,2001.0,9.0
29.98,175.0,4576.0,4657.584756721939,1.4580506041107177,34.69104007066359,163.19515430351603,2001.0,9.0
29.98,175.0,4792.0,4879.850881653504,1.4609598794727885,34.69284488340664,166.6490249408759,2001.0,9.0
29.98,175.0,4898.0,4989.003245073125,1.462454900841589,34.69380062002919,168.24801204166346,2001.0,9.0
29.98,175.0,4950.0,5042.56825698183,1.463502452405471,34.694075535671786,168.8327083186505,2001.0,9.0
29.98,175.0,5059.0,5154.888361403363,1.467859925092143,34.69452756829359,170.14527312342284,2001.0,9.0
29.98,175.0,5167.0,5266.230801431633,1.4731383790368797,34.694962411690234,171.8225040243328,2001.0,9.0
29.98,175.0,5167.0,5266.230801431633,1.4731383790368797,34.694962411690234,171.8225040243328,2001.0,9.0
29.98,175.0,5272.0,5374.5306789378155,1.4848572991609257,34.69536022862921,172.2729184915325,2001.0,9.0
29.98,175.0,3820.0,3881.328953235991,1.4616423894620314,34.68246425442636,149.01936328882115,2001.0,9.0
29.98,175.0,4950.0,5042.56825698183,1.463502452405471,34.694075535671786,168.8327083186505,2001.0,9.0
29.98,175.0,1668.0,1686.211180616187,2.272057992862085,34.553738502697605,54.05434799084032,2001.0,9.0
29.98,175.0,1934.0,1956.3566775478703,1.9909686314931068,34.59820740465527,74.92138095545117,2001.0,9.0
29.98,175.0,2208.0,2234.979384026241,1.7851707192759472,34.623508558071016,92.11165822475294,2001.0,9.0
29.98,175.0,2208.0,2234.979384026241,1.7851707192759472,34.623508558071016,92.11165822475294,2001.0,9.0
29.98,175.0,2472.0,2503.7702107311866,1.6725547429277823,34.64185240091274,106.92813005129042,2001.0,9.0
29.98,175.0,2745.0,2782.0703840173674,1.5930166643040542,34.656263024474086,119.57862415160798,2001.0,9.0
29.98,175.0,3010.0,3052.550165174165,1.5356771097898911,34.66577313645248,129.79366996988608,2001.0,9.0
29.98,175.0,3279.0,3327.4485038574535,1.4949699323426107,34.67365529546573,137.24874299309306,2001.0,9.0
29.98,175.0,3381.0,3431.773188941711,1.48509322834232,34.67484227822412,139.77273679346257,2001.0,9.0
29.98,175.0,3489.0,3542.28729478752,1.476742582236442,34.67716672316591,142.17801022812728,2001.0,9.0
29.98,175.0,3597.0,3652.8554771272725,1.467829540001397,34.679035051825835,144.46226516150145,2001.0,9.0
29.98,175.0,3704.0,3762.45310449352,1.4651952846719811,34.68107223007623,146.68562506476655,2001.0,9.0
29.98,175.0,3820.0,3881.328953235991,1.4616423894620314,34.68246425442636,149.01936328882115,2001.0,9.0
29.98,175.0,4037.0,4103.875182932262,1.4579583353382721,34.68577867614259,153.21860422914642,2001.0,9.0
29.98,175.0,4145.0,4214.7161348371155,1.4576088200211523,34.686944942565276,155.26906552880587,2001.0,9.0
29.98,175.0,4253.0,4325.610525306473,1.4580846168718589,34.688072628214826,157.31916387254898,2001.0,9.0
29.98,175.0,4468.0,4546.5311716579145,1.4580773158493041,34.6903336245207,161.3985932734122,2001.0,9.0
29.98,175.0,4468.0,4546.5311716579145,1.4580773158493041,34.6903336245207,161.3985932734122,2001.0,9.0
29.98,175.0,4576.0,4657.584756721939,1.4580506041107177,34.69104007066359,163.19515430351603,2001.0,9.0
29.98,175.0,4664.0,4748.112069101878,1.4586977348405068,34.691754457225244,164.6153415474778,2001.0,9.0
29.98,175.0,4792.0,4879.850881653504,1.4609598794727885,34.69284488340664,166.6490249408759,2001.0,9.0
29.98,175.0,4898.0,4989.003245073125,1.462454900841589,34.69380062002919,168.24801204166346,2001.0,9.0
29.98,175.0,4950.0,5042.56825698183,1.463502452405471,34.694075535671786,168.8327083186505,2001.0,9.0
29.98,175.0,5059.0,5154.888361403363,1.467859925092143,34.69452756829359,170.14527312342284,2001.0,9.0
29.98,175.0,5167.0,5266.230801431633,1.4731383790368797,34.694962411690234,171.8225040243328,2001.0,9.0
29.98,175.0,5167.0,5266.230801431633,1.4731383790368797,34.694962411690234,171.8225040243328,2001.0,9.0
29.98,175.0,5272.0,5374.5306789378155,1.4848572991609257,34.69536022862921,172.2729184915325,2001.0,9.0
29.98,175.0,1668.0,1686.211180616187,2.272057992862085,34.553738502697605,54.05434799084032,2001.0,9.0
29.98,175.0,2208.0,2234.979384026241,1.7851707192759472,34.623508558071016,92.11165822475294,2001.0,9.0
29.98,175.0,2745.0,2782.0703840173674,1.5930166643040542,34.656263024474086,119.57862415160798,2001.0,9.0
29.98,175.0,3279.0,3327.4485038574535,1.4949699323426107,34.67365529546573,137.24874299309306,2001.0,9.0
29.98,175.0,3820.0,3881.328953235991,1.4616423894620314,34.68246425442636,149.01936328882115,2001.0,9.0
29.98,175.0,4037.0,4103.875182932262,1.4579583353382721,34.68577867614259,153.21860422914642,2001.0,9.0
29.98,175.0,4468.0,4546.5311716579145,1.4580773158493041,34.6903336245207,161.3985932734122,2001.0,9.0
29.98,175.0,4950.0,5042.56825698183,1.463502452405471,34.694075535671786,168.8327083186505,2001.0,9.0
29.98,175.0,5167.0,5266.230801431633,1.4731383790368797,34.694962411690234,171.8225040243328,2001.0,9.0
29.98,175.0,5272.0,5374.5306789378155,1.4848572991609257,34.69536022862921,172.2729184915325,2001.0,9.0
29.98,175.0,1668.0,1686.211180616187,2.272057992862085,34.553738502697605,54.05434799084032,2001.0,9.0
29.98,175.0,2208.0,2234.979384026241,1.7851707192759472,34.623508558071016,92.11165822475294,2001.0,9.0
29.98,175.0,2745.0,2782.0703840173674,1.5930166643040542,34.656263024474086,119.57862415160798,2001.0,9.0
29.98,175.0,3279.0,3327.4485038574535,1.4949699323426107,34.67365529546573,137.24874299309306,2001.0,9.0
29.98,175.0,3820.0,3881.328953235991,1.4616423894620314,34.68246425442636,149.01936328882115,2001.0,9.0
29.98,175.0,4037.0,4103.875182932262,1.4579583353382721,34.68577867614259,153.21860422914642,2001.0,9.0
29.98,175.0,4468.0,4546.5311716579145,1.4580773158493041,34.6903336245207,161.3985932734122,2001.0,9.0
29.98,175.0,4950.0,5042.56825698183,1.463502452405471,34.694075535671786,168.8327083186505,2001.0,9.0
29.98,175.0,5167.0,5266.230801431633,1.4731383790368797,34.694962411690234,171.8225040243328,2001.0,9.0
29.98,175.0,5272.0,5374.5306789378155,1.4848572991609257,34.69536022862921,172.2729184915325,2001.0,9.0
29.98,175.0,1668.0,1686.211180616187,2.272057992862085,34.553738502697605,54.05434799084032,2001.0,9.0
29.98,175.0,1934.0,1956.3566775478703,1.9909686314931068,34.59820740465527,74.92138095545117,2001.0,9.0
29.98,175.0,2208.0,2234.979384026241,1.7851707192759472,34.623508558071016,92.11165822475294,2001.0,9.0
29.98,175.0,2472.0,2503.7702107311866,1.6725547429277823,34.64185240091274,106.92813005129042,2001.0,9.0
29.98,175.0,2745.0,2782.0703840173674,1.5930166643040542,34.656263024474086,119.57862415160798,2001.0,9.0
29.98,175.0,3010.0,3052.550165174165,1.5356771097898911,34.66577313645248,129.79366996988608,2001.0,9.0
29.98,175.0,3279.0,3327.4485038574535,1.4949699323426107,34.67365529546573,137.24874299309306,2001.0,9.0
29.98,175.0,3279.0,3327.4485038574535,1.4949699323426107,34.67365529546573,137.24874299309306,2001.0,9.0
29.98,175.0,3381.0,3431.773188941711,1.48509322834232,34.67484227822412,139.77273679346257,2001.0,9.0
29.98,175.0,3489.0,3542.28729478752,1.476742582236442,34.67716672316591,142.17801022812728,2001.0,9.0
29.98,175.0,3597.0,3652.8554771272725,1.467829540001397,34.679035051825835,144.46226516150145,2001.0,9.0
29.98,175.0,3704.0,3762.45310449352,1.4651952846719811,34.68107223007623,146.68562506476655,2001.0,9.0
29.98,175.0,3704.0,3762.45310449352,1.4651952846719811,34.68107223007623,146.68562506476655,2001.0,9.0
29.98,175.0,3820.0,3881.328953235991,1.4616423894620314,34.68246425442636,149.01936328882115,2001.0,9.0
29.98,175.0,3929.0,3993.0877745892635,1.460006263138076,34.68368124667883,151.15225414412396,2001.0,9.0
29.98,175.0,4037.0,4103.875182932262,1.4579583353382721,34.68577867614259,153.21860422914642,2001.0,9.0
29.98,175.0,4145.0,4214.7161348371155,1.4576088200211523,34.686944942565276,155.26906552880587,2001.0,9.0
29.98,175.0,4468.0,4546.5311716579145,1.4580773158493041,34.6903336245207,161.3985932734122,2001.0,9.0
29.98,175.0,4576.0,4657.584756721939,1.4580506041107177,34.69104007066359,163.19515430351603,2001.0,9.0
29.98,175.0,4664.0,4748.112069101878,1.4586977348405068,34.691754457225244,164.6153415474778,2001.0,9.0
29.98,175.0,4792.0,4879.850881653504,1.4609598794727885,34.69284488340664,166.6490249408759,2001.0,9.0
29.98,175.0,4950.0,5042.56825698183,1.463502452405471,34.694075535671786,168.8327083186505,2001.0,9.0
29.98,175.0,5167.0,5266.230801431633,1.4731383790368797,34.694962411690234,171.8225040243328,2001.0,9.0
29.98,175.0,5167.0,5266.230801431633,1.4731383790368797,34.694962411690234,171.8225040243328,2001.0,9.0
29.98,175.0,3820.0,3881.328953235991,1.4616423894620314,34.68246425442636,149.01936328882115,2001.0,9.0
29.98,175.0,4950.0,5042.56825698183,1.463502452405471,34.694075535671786,168.8327083186505,2001.0,9.0
29.98,175.0,1668.0,1686.211180616187,2.272057992862085,34.553738502697605,54.05434799084032,2001.0,9.0
29.98,175.0,2208.0,2234.979384026241,1.7851707192759472,34.623508558071016,92.11165822475294,2001.0,9.0
29.98,175.0,2745.0,2782.0703840173674,1.5930166643040542,34.656263024474086,119.57862415160798,2001.0,9.0
29.98,175.0,2745.0,2782.0703840173674,1.5930166643040542,34.656263024474086,119.57862415160798,2001.0,9.0
29.98,175.0,3279.0,3327.4485038574535,1.4949699323426107,34.67365529546573,137.24874299309306,2001.0,9.0
29.98,175.0,3597.0,3652.8554771272725,1.467829540001397,34.679035051825835,144.46226516150145,2001.0,9.0
29.98,175.0,3820.0,3881.328953235991,1.4616423894620314,34.68246425442636,149.01936328882115,2001.0,9.0
29.98,175.0,4037.0,4103.875182932262,1.4579583353382721,34.68577867614259,153.21860422914642,2001.0,9.0
29.98,175.0,4468.0,4546.5311716579145,1.4580773158493041,34.6903336245207,161.3985932734122,2001.0,9.0
29.98,175.0,4792.0,4879.850881653504,1.4609598794727885,34.69284488340664,166.6490249408759,2001.0,9.0
29.98,175.0,4792.0,4879.850881653504,1.4609598794727885,34.69284488340664,166.6490249408759,2001.0,9.0
29.98,175.0,4950.0,5042.56825698183,1.463502452405471,34.694075535671786,168.8327083186505,2001.0,9.0
29.98,175.0,5167.0,5266.230801431633,1.4731383790368797,34.694962411690234,171.8225040243328,2001.0,9.0
29.98,175.0,5272.0,5374.5306789378155,1.4848572991609257,34.69536022862921,172.2729184915325,2001.0,9.0
29.98,175.0,1668.0,1686.211180616187,2.272057992862085,34.553738502697605,54.05434799084032,2001.0,9.0
29.98,175.0,2208.0,2234.979384026241,1.7851707192759472,34.623508558071016,92.11165822475294,2001.0,9.0
29.98,175.0,2745.0,2782.0703840173674,1.5930166643040542,34.656263024474086,119.57862415160798,2001.0,9.0
29.98,175.0,3279.0,3327.4485038574535,1.4949699323426107,34.67365529546573,137.24874299309306,2001.0,9.0
29.98,175.0,3820.0,3881.328953235991,1.4616423894620314,34.68246425442636,149.01936328882115,2001.0,9.0
29.98,175.0,4037.0,4103.875182932262,1.4579583353382721,34.68577867614259,153.21860422914642,2001.0,9.0
29.98,175.0,4037.0,4103.875182932262,1.4579583353382721,34.68577867614259,153.21860422914642,2001.0,9.0
29.98,175.0,4468.0,4546.5311716579145,1.4580773158493041,34.6903336245207,161.3985932734122,2001.0,9.0
29.98,175.0,4950.0,5042.56825698183,1.463502452405471,34.694075535671786,168.8327083186505,2001.0,9.0
29.98,175.0,5167.0,5266.230801431633,1.4731383790368797,34.694962411690234,171.8225040243328,2001.0,9.0
29.98,175.0,5272.0,5374.5306789378155,1.4848572991609257,34.69536022862921,172.2729184915325,2001.0,9.0
29.98,175.0,5272.0,5374.5306789378155,1.4848572991609257,34.69536022862921,172.2729184915325,2001.0,9.0
29.98,175.0,1668.0,1686.211180616187,2.272057992862085,34.553738502697605,54.05434799084032,2001.0,9.0
29.98,175.0,1668.0,1686.211180616187,2.272057992862085,34.553738502697605,54.05434799084032,2001.0,9.0
29.98,175.0,2208.0,2234.979384026241,1.7851707192759472,34.623508558071016,92.11165822475294,2001.0,9.0
29.98,175.0,2745.0,2782.0703840173674,1.5930166643040542,34.656263024474086,119.57862415160798,2001.0,9.0
29.98,175.0,3279.0,3327.4485038574535,1.4949699323426107,34.67365529546573,137.24874299309306,2001.0,9.0
29.98,175.0,3597.0,3652.8554771272725,1.467829540001397,34.679035051825835,144.46226516150145,2001.0,9.0
29.98,175.0,3820.0,3881.328953235991,1.4616423894620314,34.68246425442636,149.01936328882115,2001.0,9.0
29.98,175.0,4037.0,4103.875182932262,1.4579583353382721,34.68577867614259,153.21860422914642,2001.0,9.0
29.98,175.0,4468.0,4546.5311716579145,1.4580773158493041,34.6903336245207,161.3985932734122,2001.0,9.0
29.98,175.0,4792.0,4879.850881653504,1.4609598794727885,34.69284488340664,166.6490249408759,2001.0,9.0
29.98,175.0,4950.0,5042.56825698183,1.463502452405471,34.694075535671786,168.8327083186505,2001.0,9.0
29.98,175.0,5167.0,5266.230801431633,1.4731383790368797,34.694962411690234,171.8225040243328,2001.0,9.0
29.98,175.0,5167.0,5266.230801431633,1.4731383790368797,34.694962411690234,171.8225040243328,2001.0,9.0
29.98,175.0,5272.0,5374.5306789378155,1.4848572991609257,34.69536022862921,172.2729184915325,2001.0,9.0
29.98,175.0,1668.0,1686.211180616187,2.272057992862085,34.553738502697605,54.05434799084032,2001.0,9.0
29.98,175.0,1934.0,1956.3566775478703,1.9909686314931068,34.59820740465527,74.92138095545117,2001.0,9.0
29.98,175.0,2208.0,2234.979384026241,1.7851707192759472,34.623508558071016,92.11165822475294,2001.0,9.0
29.98,175.0,2745.0,2782.0703840173674,1.5930166643040542,34.656263024474086,119.57862415160798,2001.0,9.0
29.98,175.0,3010.0,3052.550165174165,1.5356771097898911,34.66577313645248,129.79366996988608,2001.0,9.0
29.98,175.0,3279.0,3327.4485038574535,1.4949699323426107,34.67365529546573,137.24874299309306,2001.0,9.0
29.98,175.0,3381.0,3431.773188941711,1.48509322834232,34.67484227822412,139.77273679346257,2001.0,9.0
29.98,175.0,3489.0,3542.28729478752,1.476742582236442,34.67716672316591,142.17801022812728,2001.0,9.0
29.98,175.0,3597.0,3652.8554771272725,1.467829540001397,34.679035051825835,144.46226516150145,2001.0,9.0
29.98,175.0,3704.0,3762.45310449352,1.4651952846719811,34.68107223007623,146.68562506476655,2001.0,9.0
29.98,175.0,3820.0,3881.328953235991,1.4616423894620314,34.68246425442636,149.01936328882115,2001.0,9.0
29.98,175.0,3929.0,3993.0877745892635,1.460006263138076,34.68368124667883,151.15225414412396,2001.0,9.0
29.98,175.0,4037.0,4103.875182932262,1.4579583353382721,34.68577867614259,153.21860422914642,2001.0,9.0
29.98,175.0,4145.0,4214.7161348371155,1.4576088200211523,34.686944942565276,155.26906552880587,2001.0,9.0
29.98,175.0,4253.0,4325.610525306473,1.4580846168718589,34.688072628214826,157.31916387254898,2001.0,9.0
29.98,175.0,4468.0,4546.5311716579145,1.4580773158493041,34.6903336245207,161.3985932734122,2001.0,9.0
29.98,175.0,4576.0,4657.584756721939,1.4580506041107177,34.69104007066359,163.19515430351603,2001.0,9.0
29.98,175.0,4664.0,4748.112069101878,1.4586977348405068,34.691754457225244,164.6153415474778,2001.0,9.0
29.98,175.0,4792.0,4879.850881653504,1.4609598794727885,34.69284488340664,166.6490249408759,2001.0,9.0
29.98,175.0,4898.0,4989.003245073125,1.462454900841589,34.69380062002919,168.24801204166346,2001.0,9.0
29.98,175.0,4950.0,5042.56825698183,1.463502452405471,34.694075535671786,168.8327083186505,2001.0,9.0
29.98,175.0,4950.0,5042.56825698183,1.463502452405471,34.694075535671786,168.8327083186505,2001.0,9.0
29.98,175.0,5059.0,5154.888361403363,1.467859925092143,34.69452756829359,170.14527312342284,2001.0,9.0
29.98,175.0,5167.0,5266.230801431633,1.4731383790368797,34.694962411690234,171.8225040243328,2001.0,9.0
29.98,175.0,5167.0,5266.230801431633,1.4731383790368797,34.694962411690234,171.8225040243328,2001.0,9.0
29.98,175.0,5272.0,5374.5306789378155,1.4848572991609257,34.69536022862921,172.2729184915325,2001.0,9.0
29.98,175.0,3820.0,3881.328953235991,1.4616423894620314,34.68246425442636,149.01936328882115,2001.0,9.0
29.98,175.0,4950.0,5042.56825698183,1.463502452405471,34.694075535671786,168.8327083186505,2001.0,9.0
29.98,175.0,1668.0,1686.211180616187,2.272057992862085,34.553738502697605,54.05434799084032,2001.0,9.0
29.98,175.0,2745.0,2782.0703840173674,1.5930166643040542,34.656263024474086,119.57862415160798,2001.0,9.0
29.98,175.0,3820.0,3881.328953235991,1.4616423894620314,34.68246425442636,149.01936328882115,2001.0,9.0
29.98,175.0,4468.0,4546.5311716579145,1.4580773158493041,34.6903336245207,161.3985932734122,2001.0,9.0
29.98,175.0,4468.0,4546.5311716579145,1.4580773158493041,34.6903336245207,161.3985932734122,2001.0,9.0
29.98,175.0,4950.0,5042.56825698183,1.463502452405471,34.694075535671786,168.8327083186505,2001.0,9.0
29.98,175.0,5167.0,5266.230801431633,1.4731383790368797,34.694962411690234,171.8225040243328,2001.0,9.0
29.98,175.0,5272.0,5374.5306789378155,1.4848572991609257,34.69536022862921,172.2729184915325,2001.0,9.0
29.98,175.0,1668.0,1686.211180616187,2.272057992862085,34.553738502697605,54.05434799084032,2001.0,9.0
29.98,175.0,2745.0,2782.0703840173674,1.5930166643040542,34.656263024474086,119.57862415160798,2001.0,9.0
29.98,175.0,3820.0,3881.328953235991,1.4616423894620314,34.68246425442636,149.01936328882115,2001.0,9.0
29.98,175.0,4468.0,4546.5311716579145,1.4580773158493041,34.6903336245207,161.3985932734122,2001.0,9.0
29.98,175.0,4950.0,5042.56825698183,1.463502452405471,34.694075535671786,168.8327083186505,2001.0,9.0
29.98,175.0,5167.0,5266.230801431633,1.4731383790368797,34.694962411690234,171.8225040243328,2001.0,9.0
29.98,175.0,5272.0,5374.5306789378155,1.4848572991609257,34.69536022862921,172.2729184915325,2001.0,9.0
29.98,175.0,1668.0,1686.211180616187,2.272057992862085,34.553738502697605,54.05434799084032,2001.0,9.0
29.98,175.0,2208.0,2234.979384026241,1.7851707192759472,34.623508558071016,92.11165822475294,2001.0,9.0
29.98,175.0,2208.0,2234.979384026241,1.7851707192759472,34.623508558071016,92.11165822475294,2001.0,9.0
29.98,175.0,2745.0,2782.0703840173674,1.5930166643040542,34.656263024474086,119.57862415160798,2001.0,9.0
29.98,175.0,3279.0,3327.4485038574535,1.4949699323426107,34.67365529546573,137.24874299309306,2001.0,9.0
29.98,175.0,3597.0,3652.8554771272725,1.467829540001397,34.679035051825835,144.46226516150145,2001.0,9.0
29.98,175.0,3820.0,3881.328953235991,1.4616423894620314,34.68246425442636,149.01936328882115,2001.0,9.0
29.98,175.0,3820.0,3881.328953235991,1.4616423894620314,34.68246425442636,149.01936328882115,2001.0,9.0
29.98,175.0,4037.0,4103.875182932262,1.4579583353382721,34.68577867614259,153.21860422914642,2001.0,9.0
29.98,175.0,4792.0,4879.850881653504,1.4609598794727885,34.69284488340664,166.6490249408759,2001.0,9.0
29.98,175.0,4950.0,5042.56825698183,1.463502452405471,34.694075535671786,168.8327083186505,2001.0,9.0
29.98,175.0,5167.0,5266.230801431633,1.4731383790368797,34.694962411690234,171.8225040243328,2001.0,9.0
29.98,175.0,5272.0,5374.5306789378155,1.4848572991609257,34.69536022862921,172.2729184915325,2001.0,9.0
29.98,175.0,1668.0,1686.211180616187,2.272057992862085,34.553738502697605,54.05434799084032,2001.0,9.0
29.98,175.0,2208.0,2234.979384026241,1.7851707192759472,34.623508558071016,92.11165822475294,2001.0,9.0
29.98,175.0,2745.0,2782.0703840173674,1.5930166643040542,34.656263024474086,119.57862415160798,2001.0,9.0
29.98,175.0,3279.0,3327.4485038574535,1.4949699323426107,34.67365529546573,137.24874299309306,2001.0,9.0
29.98,175.0,3597.0,3652.8554771272725,1.467829540001397,34.679035051825835,144.46226516150145,2001.0,9.0
29.98,175.0,3820.0,3881.328953235991,1.4616423894620314,34.68246425442636,149.01936328882115,2001.0,9.0
29.98,175.0,4037.0,4103.875182932262,1.4579583353382721,34.68577867614259,153.21860422914642,2001.0,9.0
29.98,175.0,4468.0,4546.5311716579145,1.4580773158493041,34.6903336245207,161.3985932734122,2001.0,9.0
29.98,175.0,4792.0,4879.850881653504,1.4609598794727885,34.69284488340664,166.6490249408759,2001.0,9.0
29.98,175.0,4950.0,5042.56825698183,1.463502452405471,34.694075535671786,168.8327083186505,2001.0,9.0
29.98,175.0,4950.0,5042.56825698183,1.463502452405471,34.694075535671786,168.8327083186505,2001.0,9.0
29.98,175.0,5167.0,5266.230801431633,1.4731383790368797,34.694962411690234,171.8225040243328,2001.0,9.0
29.98,175.0,5272.0,5374.5306789378155,1.4848572991609257,34.69536022862921,172.2729184915325,2001.0,9.0
29.98,175.0,3820.0,3881.328953235991,1.4616423894620314,34.68246425442636,149.01936328882115,2001.0,9.0
29.98,175.0,4950.0,5042.56825698183,1.463502452405471,34.694075535671786,168.8327083186505,2001.0,9.0
29.98,175.0,1668.0,1686.211180616187,2.272057992862085,34.553738502697605,54.05434799084032,2001.0,9.0
29.98,175.0,2745.0,2782.0703840173674,1.5930166643040542,34.656263024474086,119.57862415160798,2001.0,9.0
29.98,175.0,3820.0,3881.328953235991,1.4616423894620314,34.68246425442636,149.01936328882115,2001.0,9.0
29.98,175.0,4468.0,4546.5311716579145,1.4580773158493041,34.6903336245207,161.3985932734122,2001.0,9.0
29.98,175.0,4950.0,5042.56825698183,1.463502452405471,34.694075535671786,168.8327083186505,2001.0,9.0
29.98,175.0,5272.0,5374.5306789378155,1.4848572991609257,34.69536022862921,172.2729184915325,2001.0,9.0
29.98,175.0,1668.0,1686.211180616187,2.272057992862085,34.553738502697605,54.05434799084032,2001.0,9.0
29.98,175.0,2745.0,2782.0703840173674,1.5930166643040542,34.656263024474086,119.57862415160798,2001.0,9.0
29.98,175.0,3820.0,3881.328953235991,1.4616423894620314,34.68246425442636,149.01936328882115,2001.0,9.0
29.98,175.0,4468.0,4546.5311716579145,1.4580773158493041,34.6903336245207,161.3985932734122,2001.0,9.0
29.98,175.0,4468.0,4546.5311716579145,1.4580773158493041,34.6903336245207,161.3985932734122,2001.0,9.0
29.98,175.0,4950.0,5042.56825698183,1.463502452405471,34.694075535671786,168.8327083186505,2001.0,9.0
29.98,175.0,5167.0,5266.230801431633,1.4731383790368797,34.694962411690234,171.8225040243328,2001.0,9.0
29.98,175.0,5272.0,5374.5306789378155,1.4848572991609257,34.69536022862921,172.2729184915325,2001.0,9.0
29.98,175.0,1668.0,1686.211180616187,2.272057992862085,34.553738502697605,54.05434799084032,2001.0,9.0
29.98,175.0,2208.0,2234.979384026241,1.7851707192759472,34.623508558071016,92.11165822475294,2001.0,9.0
29.98,175.0,2745.0,2782.0703840173674,1.5930166643040542,34.656263024474086,119.57862415160798,2001.0,9.0
29.98,175.0,3279.0,3327.4485038574535,1.4949699323426107,34.67365529546573,137.24874299309306,2001.0,9.0
29.98,175.0,3279.0,3327.4485038574535,1.4949699323426107,34.67365529546573,137.24874299309306,2001.0,9.0
29.98,175.0,3597.0,3652.8554771272725,1.467829540001397,34.679035051825835,144.46226516150145,2001.0,9.0
29.98,175.0,3820.0,3881.328953235991,1.4616423894620314,34.68246425442636,149.01936328882115,2001.0,9.0
29.98,175.0,4037.0,4103.875182932262,1.4579583353382721,34.68577867614259,153.21860422914642,2001.0,9.0
29.98,175.0,4468.0,4546.5311716579145,1.4580773158493041,34.6903336245207,161.3985932734122,2001.0,9.0
29.98,175.0,4792.0,4879.850881653504,1.4609598794727885,34.69284488340664,166.6490249408759,2001.0,9.0
29.98,175.0,4950.0,5042.56825698183,1.463502452405471,34.694075535671786,168.8327083186505,2001.0,9.0
29.98,175.0,5167.0,5266.230801431633,1.4731383790368797,34.694962411690234,171.8225040243328,2001.0,9.0
29.98,175.0,5272.0,5374.5306789378155,1.4848572991609257,34.69536022862921,172.2729184915325,2001.0,9.0
29.98,175.0,5272.0,5374.5306789378155,1.4848572991609257,34.69536022862921,172.2729184915325,2001.0,9.0
29.98,175.0,1668.0,1686.211180616187,2.272057992862085,34.553738502697605,54.05434799084032,2001.0,9.0
29.98,175.0,2208.0,2234.979384026241,1.7851707192759472,34.623508558071016,92.11165822475294,2001.0,9.0
29.98,175.0,2745.0,2782.0703840173674,1.5930166643040542,34.656263024474086,119.57862415160798,2001.0,9.0
29.98,175.0,3279.0,3327.4485038574535,1.4949699323426107,34.67365529546573,137.24874299309306,2001.0,9.0
29.98,175.0,3597.0,3652.8554771272725,1.467829540001397,34.679035051825835,144.46226516150145,2001.0,9.0
29.98,175.0,3820.0,3881.328953235991,1.4616423894620314,34.68246425442636,149.01936328882115,2001.0,9.0
29.98,175.0,3820.0,3881.328953235991,1.4616423894620314,34.68246425442636,149.01936328882115,2001.0,9.0
29.98,175.0,4037.0,4103.875182932262,1.4579583353382721,34.68577867614259,153.21860422914642,2001.0,9.0
29.98,175.0,4468.0,4546.5311716579145,1.4580773158493041,34.6903336245207,161.3985932734122,2001.0,9.0
29.98,175.0,4792.0,4879.850881653504,1.4609598794727885,34.69284488340664,166.6490249408759,2001.0,9.0
29.98,175.0,4950.0,5042.56825698183,1.463502452405471,34.694075535671786,168.8327083186505,2001.0,9.0
29.98,175.0,4950.0,5042.56825698183,1.463502452405471,34.694075535671786,168.8327083186505,2001.0,9.0
29.98,175.0,5167.0,5266.230801431633,1.4731383790368797,34.694962411690234,171.8225040243328,2001.0,9.0
29.98,175.0,5272.0,5374.5306789378155,1.4848572991609257,34.69536022862921,172.2729184915325,2001.0,9.0
29.98,175.0,3820.0,3881.328953235991,1.4616423894620314,34.68246425442636,149.01936328882115,2001.0,9.0
29.98,175.0,4950.0,5042.56825698183,1.463502452405471,34.694075535671786,168.8327083186505,2001.0,9.0
27.75,-155.283,979.3,988.1836006548486,3.7884822986334994,34.38698055870892,26.839908086492585,2017.0,8.0
35.267,-150.983,625.0,630.5183079421081,4.892817664185307,34.01825177190825,87.00439980165224,2017.0,8.0
35.267,-150.983,725.0,731.5785542266177,4.266955455132649,34.10822234952738,51.68133287968651,2017.0,8.0
35.267,-150.983,735.0,741.6872581969799,4.224655545411232,34.11768818446097,49.729135394105974,2017.0,8.0
35.267,-150.983,800.0,807.4056967359122,3.966089963912964,34.1792106628418,33.148712158203125,2017.0,8.0
35.267,-150.983,1050.0,1060.3602013911343,3.296299934387207,34.359710693359375,14.960731506347656,2017.0,8.0
35.267,-150.983,1500.0,1516.440131527781,2.5624001026153564,34.529388427734375,35.393802642822266,2017.0,8.0
35.267,-150.983,2110.0,2136.2339724644944,1.8986942182846527,34.6151658194461,68.69451743572846,2017.0,8.0
41.716,-148.3,600.0,605.6115947928072,4.423910140991211,34.05550003051758,63.08063888549805,2017.0,8.0
41.716,-148.3,700.0,706.7183036577752,4.02938985824585,34.13831329345703,42.304779052734375,2017.0,8.0
41.716,-148.3,620.0,625.8290313613014,4.337342116507658,34.07290523971222,59.246580786560955,2017.0,8.0
41.716,-148.3,675.0,681.437051436255,4.120299296541675,34.1190613198549,47.92378249953147,2017.0,8.0
41.716,-148.3,1040.0,1050.8453925543351,3.108974918559793,34.34589438899486,18.488812225341796,2017.0,8.0
41.716,-148.3,1500.0,1517.32065294604,2.4286000728607178,34.50221252441406,19.543521881103516,2017.0,8.0
41.716,-148.3,2100.0,2127.2952337470656,1.9008100032806396,34.60538864135742,61.74824905395508,2017.0,8.0
49.683,-155.28,620.0,626.2884657401728,3.4249677791138997,34.22756648690152,31.56889794921875,2017.0,8.0
49.683,-155.28,430.0,434.16069289632463,3.7075223524371372,34.082343227162255,43.36195222947835,2017.0,8.0
49.683,-155.28,255.0,257.3575631758301,3.929184146798329,33.88362289431765,79.8003293431126,2017.0,8.0
49.683,-155.28,163.1,164.57097313155117,4.182500489639245,33.72772331822839,142.4796668061871,2017.0,8.0
49.683,-155.28,168.1,169.61813989298548,4.171184908644176,33.74429844082825,135.8829298969433,2017.0,8.0
49.683,-155.28,178.3,179.91474201767434,4.147119442959617,33.77153542343982,124.21661541553499,2017.0,8.0
49.683,-155.28,188.0,189.70708419622648,4.1229556535091865,33.79160197442939,114.40448907582822,2017.0,8.0
49.683,-155.28,193.0,194.75486427032442,4.109640259576796,33.80032049435239,110.13735930230202,2017.0,8.0
49.683,-155.28,203.1,204.9517555644577,4.079742607025618,33.815734003280355,104.1295263855125,2017.0,8.0
49.683,-155.28,208.1,209.99990744414794,4.061981353929838,33.8221263009607,102.25815556370782,2017.0,8.0
49.683,-155.28,218.0,219.9956113079464,4.024943455429982,33.83355263450416,99.21704029221992,2017.0,8.0
27.75,-155.283,700.0,705.8732424172402,4.813409805297852,34.1167106628418,52.3823356628418,2017.0,8.0
27.75,-155.283,710.0,715.9744841417823,4.750764769851194,34.127087939479985,48.940759642678294,2017.0,8.0
27.75,-155.283,2020.0,2043.4122890335839,2.020425685966602,34.61870458357921,86.68750077740415,2017.0,8.0
35.267,-150.983,698.9,705.1971309180294,4.390258022589091,34.083228062783625,57.74668366138536,2017.0,8.0
35.267,-150.983,738.9,745.6297847041459,4.208465098928248,34.12137659918776,48.94617930221732,2017.0,8.0
35.267,-150.983,728.9,735.5208908618728,4.2502761868851495,34.11191688295247,50.92097885717459,2017.0,8.0
35.267,-150.983,648.7,654.4651795673345,4.709549568434799,34.03394564446725,78.55441990876692,2017.0,8.0
35.267,-150.983,598.5,603.7455142018438,5.127106568346808,34.004067599889545,97.1602845673009,2017.0,8.0
35.267,-150.983,573.7,578.6933242997163,5.379078840766732,33.991422608661324,109.80112645852616,2017.0,8.0
35.267,-150.983,498.6,502.84795292265227,6.3863745968131616,33.9812587756154,148.81935999649508,2017.0,8.0
41.716,-148.3,500.0,504.5537336910438,5.068600177764893,33.98019027709961,101.8319091796875,2017.0,8.0
41.716,-148.3,450.0,454.04314658816986,5.5455098152160645,33.96061325073242,122.7191390991211,2017.0,8.0
41.716,-148.3,425.0,428.7924433632389,5.824090003967285,33.95458984375,140.5550537109375,2017.0,8.0
41.716,-148.3,400.0,403.54480205549294,6.130099773406982,33.949989318847656,148.1060333251953,2017.0,8.0
41.716,-148.3,350.0,353.05871028725085,6.834410190582275,33.96358871459961,171.3628387451172,2017.0,8.0
49.683,-155.28,135.0,136.20818774662652,4.230926624076784,33.523152183329245,199.00130608052348,2017.0,8.0
49.683,-155.28,120.0,121.06950426475058,4.2662009442010325,33.324586464047144,238.04397744132257,2017.0,8.0
49.683,-155.28,115.0,116.02352297043618,4.28963158162929,33.244386652910784,251.39635785756678,2017.0,8.0
49.683,-155.28,110.0,110.9776649595585,4.319352835442749,33.16199454664049,264.34373868889185,2017.0,8.0
49.683,-155.28,100.0,100.88631882878245,4.394710063934326,33.02061080932617,285.1465148925781,2017.0,8.0
27.75,-155.283,989.9,998.9053014131154,3.762244972821652,34.394590098912104,27.4528835801558,2017.0,8.0
27.75,-155.283,989.9,998.9053014131154,3.762244972821652,34.394590098912104,27.4528835801558,2017.0,8.0
27.75,-155.283,999.4,1008.5148351025865,3.738338349483628,34.40111085650913,28.032788622128123,2017.0,8.0
27.75,-155.283,999.4,1008.5148351025865,3.738338349483628,34.40111085650913,28.032788622128123,2017.0,8.0
35.267,-150.983,635.0,640.6221391560841,4.812478064669753,34.024456902917464,83.53564907945362,2017.0,8.0
35.267,-150.983,810.0,817.5180499083298,3.9332845518456705,34.18805018759822,31.166983381627148,2017.0,8.0
41.716,-148.3,650.0,656.1588483658948,4.219089984893799,34.09918975830078,54.10725784301758,2017.0,8.0
41.716,-148.3,710.0,716.8316580222063,3.998188450329284,34.14610925851591,40.88776323446685,2017.0,8.0
41.716,-148.3,725.0,732.0026037513627,3.9557992072731167,34.1578234920348,39.185532167955515,2017.0,8.0
41.716,-148.3,740.0,747.1746462538401,3.9135868718638505,34.16934551563434,37.576603469080666,2017.0,8.0
41.716,-148.3,550.0,555.0765531623324,4.690899848937988,34.015811920166016,79.03878021240234,2017.0,8.0
41.716,-148.3,630.0,635.9384821577096,4.297296759059186,34.08185946451971,57.63122725258111,2017.0,8.0
41.716,-148.3,685.0,691.5491864983431,4.082276424424841,34.126759344987114,45.378610823312115,2017.0,8.0
41.716,-148.3,1070.0,1081.2365048252593,3.0479010173877183,34.358302602372156,18.62873579406738,2017.0,8.0
41.716,-148.3,1510.0,1527.4727538728305,2.4175412252189346,34.50441637420065,19.954478392915327,2017.0,8.0
49.683,-155.28,630.0,636.4053487973466,3.411134285736762,34.23311994625731,31.638896240234377,2017.0,8.0
49.683,-155.28,420.0,424.0536055945996,3.716675789382952,34.07248251898671,44.35536246606956,2017.0,8.0
49.683,-155.28,245.0,247.25907398282695,3.952833708088592,33.87036551974401,84.7739435019292,2017.0,8.0
49.683,-155.28,173.1,174.66542982982696,4.1595105106223675,33.758543151256596,129.9175065062919,2017.0,8.0
49.683,-155.28,183.0,184.6594272570265,4.135633792302942,33.78186055812767,119.27492429197358,2017.0,8.0
49.683,-155.28,198.2,200.00468615794279,4.094936704830155,33.80858600135221,106.56402202797713,2017.0,8.0
